,pair,haplotype,frequency (%),sample_size
5,DRB1*01:01-DQA1*01:01-DQB1*05:01,DRB1*01:01-DQA1*01:01-DQB1*05:01,21.4,140
6,DRB1*01:01-DQA1*01:01-DQB1*05:01,DRB1*01:01-DQA1*01:01-DQB1*05:01,10.2,177
7,DRB1*01:01-DQA1*01:01-DQB1*05:01,DRB1*01:01-DQA1*01:01-DQB1*05:01,9.05,"1,899"
8,DRB1*01:01-DQA1*01:01-DQB1*05:01,DRB1*01:01-DQA1*01:01/01:04/01:05-DQB1*05:01,9.0,44
9,DRB1*01:01-DQA1*01:01-DQB1*05:01,DRB1*01:01-DQA1*01:01-DQB1*05:01,8.8,91
10,DRB1*01:01-DQA1*01:01-DQB1*05:01,DRB1*01:01-DQA1*01:01-DQB1*05:01,8.5,200
11,DRB1*01:01-DQA1*01:01-DQB1*05:01,DRB1*01:01-DQA1*01:01-DQB1*05:01,8.2,91
12,DRB1*01:01-DQA1*01:01-DQB1*05:01,DRB1*01:01-DQA1*01:01-DQB1*05:01,8.1,85
13,DRB1*01:01-DQA1*01:01-DQB1*05:01,DRB1*01:01-DQA1*01:01-DQB1*05:01,7.0,58
14,DRB1*01:01-DQA1*01:01-DQB1*05:01,DRB1*01:01-DQA1*01:01/01:04/01:05-DQB1*05:01,6.6,68
15,DRB1*01:01-DQA1*01:01-DQB1*05:01,DRB1*01:01-DQA1*01:01-DQB1*05:01,6.47,85
16,DRB1*01:01-DQA1*01:01-DQB1*05:01,DRB1*01:01-DQA1*01:01:01-DQB1*05:01,6.4,467
17,DRB1*01:01-DQA1*01:01-DQB1*05:01,DRB1*01:01-DQA1*01:01-DQB1*05:01,6.4,220
18,DRB1*01:01-DQA1*01:01-DQB1*05:01,DRB1*01:01-DQA1*01:01-DQB1*05:01,6.3,87
19,DRB1*01:01-DQA1*01:01-DQB1*05:01,DRB1*01:01-DQA1*01:01-DQB1*05:01,6.0,324
20,DRB1*01:01-DQA1*01:01-DQB1*05:01,DRB1*01:01-DQA1*01:01-DQB1*05:01,6.0,91
21,DRB1*01:01-DQA1*01:01-DQB1*05:01,DRB1*01:01-DQA1*01:01/01:02-DQB1*05:01,5.4,65
22,DRB1*01:01-DQA1*01:01-DQB1*05:01,DRB1*01:01-DQA1*01:01-DQB1*05:01,5.3,246
23,DRB1*01:01-DQA1*01:01-DQB1*05:01,DRB1*01:01-DQA1*01:01-DQB1*05:01,5.2,87
24,DRB1*01:01-DQA1*01:01-DQB1*05:01,DRB1*01:01-DQA1*01:01-DQB1*05:01,4.6,916
25,DRB1*01:01-DQA1*01:01-DQB1*05:01,DRB1*01:01-DQA1*01:01-DQB1*05:01-DPB1*05:01,4.6,149
26,DRB1*01:01-DQA1*01:01-DQB1*05:01,DRB1*01:01-DQA1*01:01/01:04/01:05-DQB1*05:01,4.5,22
27,DRB1*01:01-DQA1*01:01-DQB1*05:01,DRB1*01:01-DQA1*01:01-DQB1*05:01,4.4,250
28,DRB1*01:01-DQA1*01:01-DQB1*05:01,DRB1*01:01-DQA1*01:01/01:04/01:05-DQB1*05:01,4.0,25
29,DRB1*01:01-DQA1*01:01-DQB1*05:01,DRB1*01:01-DQA1*01:01-DQB1*05:01,3.8,93
30,DRB1*01:01-DQA1*01:01-DQB1*05:01,DRB1*01:01-DQA1*01:01/01:04-DQB1*05:01,3.6,177
31,DRB1*01:01-DQA1*01:01-DQB1*05:01,DRB1*01:01-DQA1*01:01-DQB1*05:01,3.6,42
32,DRB1*01:01-DQA1*01:01-DQB1*05:01,DRB1*01:01-DQA1*01:01/01:04/01:05-DQB1*05:01,3.5,43
33,DRB1*01:01-DQA1*01:01-DQB1*05:01,DRB1*01:01-DQA1*01:01-DQB1*05:01-DPB1*04:02,3.5,207
34,DRB1*01:01-DQA1*01:01-DQB1*05:01,A*24:02-B*07:02-C*07:02-DRB1*01:01-DQA1*01:01-DQB1*05:01-DPA1*01:03-DPB1*04:02,3.19,"3,078"
35,DRB1*01:01-DQA1*01:01-DQB1*05:01,DRB1*01:01-DQA1*01:01-DQB1*05:01,3.1,98
36,DRB1*01:01-DQA1*01:01-DQB1*05:01,DRB1*01:01-DQA1*01:01/01:04/01:05-DQB1*05:01,2.9,35
37,DRB1*01:01-DQA1*01:01-DQB1*05:01,DRB1*01:01-DQA1*01:01-DQB1*05:01,2.9,155
38,DRB1*01:01-DQA1*01:01-DQB1*05:01,DRB1*01:01-DQA1*01:01-DQB1*05:01-DPB1*04:02,2.9,324
39,DRB1*01:01-DQA1*01:01-DQB1*05:01,DRB1*01:01-DQA1*01:01-DQB1*05:01,2.8,190
40,DRB1*01:01-DQA1*01:01-DQB1*05:01,A*03:01:01-B*35:01:01-C*04:01:01-DRB1*01:01:01-DQA1*01:01:01-DQB1*05:01-DPA1*01:03:01-DPB1*04:02,2.521,119
41,DRB1*01:01-DQA1*01:01-DQB1*05:01,DRB1*01:01-DQA1*01:01/01:04-DQB1*05:01,2.5,101
42,DRB1*01:01-DQA1*01:01-DQB1*05:01,DRB1*01:01-DQA1*01:01-DQB1*05:01,2.5,100
43,DRB1*01:01-DQA1*01:01-DQB1*05:01,DRB1*01:01-DQA1*01:01-DQB1*05:01,2.5,100
44,DRB1*01:01-DQA1*01:01-DQB1*05:01,DRB1*01:01-DQA1*01:01-DQB1*05:01,2.4,41
45,DRB1*01:01-DQA1*01:01-DQB1*05:01,DRB1*01:01-DQA1*01:01-DQB1*05:01,2.3,22
46,DRB1*01:01-DQA1*01:01-DQB1*05:01,DRB1*01:01-DQA1*01:01-DQB1*05:01-DPB1*05:01,2.3,324
47,DRB1*01:01-DQA1*01:01-DQB1*05:01,DRB1*01:01-DQA1*01:01-DQB1*05:01,2.2,90
48,DRB1*01:01-DQA1*01:01-DQB1*05:01,DRB1*01:01-DQA1*01:01-DQB1*05:01,2.2,160
49,DRB1*01:01-DQA1*01:01-DQB1*05:01,DRB1*01:01-DQA1*01:01/01:04/01:05-DQB1*05:01,2.1,24
50,DRB1*01:01-DQA1*01:01-DQB1*05:01,DRB1*01:01-DQA1*01:01/01:04/01:05-DQB1*05:01,2.0,25
51,DRB1*01:01-DQA1*01:01-DQB1*05:01,DRB1*01:01-DQA1*01:01-DQB1*05:01,2.0,198
52,DRB1*01:01-DQA1*01:01-DQB1*05:01,DRB1*01:01-DQA1*01:01-DQB1*05:01,1.7,196
53,DRB1*01:01-DQA1*01:01-DQB1*05:01,DRB1*01:01-DQA1*01:01-DQB1*05:01-DPB1*02:01,1.7,207
54,DRB1*01:01-DQA1*01:01-DQB1*05:01,DRB1*01:01-DQA1*01:01-DQB1*05:01-DPB1*05:01,1.7,207
55,DRB1*01:01-DQA1*01:01-DQB1*05:01,DRB1*01:01-DQA1*01:01-DQB1*05:01,1.6,188
56,DRB1*01:01-DQA1*01:01-DQB1*05:01,A*02:01-B*07:02-C*07:02-E*01:03:02-F*01:01:01-G*01:01-DRB1*01:01-DQA1*01:01-DQB1*05:01,1.3158,130
57,DRB1*01:01-DQA1*01:01-DQB1*05:01,A*02:01:01-B*07:02:01-C*07:02:01-DRB1*01:01:01-DQA1*01:01:01-DQB1*05:01-DPA1*01:03:01-DPB1*04:01:01,1.3072,153
58,DRB1*01:01-DQA1*01:01-DQB1*05:01,A*11:01:01-B*35:01:01-C*04:01:01-DRB1*01:01:01-DQA1*01:01:01-DQB1*05:01-DPA1*01:03:01-DPB1*04:02,1.3072,153
59,DRB1*01:01-DQA1*01:01-DQB1*05:01,DRB1*01:01-DQA1*01:01-DQB1*05:01,1.3,40
60,DRB1*01:01-DQA1*01:01-DQB1*05:01,DRB1*01:01-DQA1*01:01-DQB1*05:01-DPB1*02:01,1.3,149
61,DRB1*01:01-DQA1*01:01-DQB1*05:01,DRB1*01:01-DQA1*01:01-DQB1*05:01-DPB1*04:02,1.2,149
62,DRB1*01:01-DQA1*01:01-DQB1*05:01,A*24-B*35-DRB1*01:01-DQA1*01:01-DQB1*05:01,1.1,135
63,DRB1*01:01-DQA1*01:01-DQB1*05:01,A*01:01-B*08:01-C*07:01-DRB1*01:01-DQA1*01:01-DQB1*05:01-DPB1*04:01,1.042,496
64,DRB1*01:01-DQA1*01:01-DQB1*05:01,A*11:01-B*27:03-C*01:02-DRB1*01:01-DQA1*01:01-DQB1*05:01,1.0,150
258,DRB1*03:01-DQA1*05:01-DQB1*02:01,DRB1*03:01-DQA1*05:01-DQB1*02:01,25.3,93
259,DRB1*03:01-DQA1*05:01-DQB1*02:01,DRB1*03:01-DQA1*05:01-DQB1*02:01,23.1,91
260,DRB1*03:01-DQA1*05:01-DQB1*02:01,DRB1*03:01-DQA1*05:01-DQB1*02:01,22.1,91
261,DRB1*03:01-DQA1*05:01-DQB1*02:01,DRB1*03:01-DQA1*05:01-DQB1*02:01,22.0,140
262,DRB1*03:01-DQA1*05:01-DQB1*02:01,DRB1*03:01-DQA1*05:01-DQB1*02:01,21.3,87
263,DRB1*03:01-DQA1*05:01-DQB1*02:01,DRB1*03:01-DQA1*05:01-DQB1*02:01,21.3,87
264,DRB1*03:01-DQA1*05:01-DQB1*02:01,DRB1*03:01-DQA1*05:01-DQB1*02:01,20.9,91
265,DRB1*03:01-DQA1*05:01-DQB1*02:01,DRB1*03:01-DQA1*05:01-DQB1*02:01,19.8,91
266,DRB1*03:01-DQA1*05:01-DQB1*02:01,DRB1*03:01-DQA1*05:01-DQB1*02:01,17.3,98
267,DRB1*03:01-DQA1*05:01-DQB1*02:01,DRB1*03:01-DQA1*05:01-DQB1*02:01,14.4,220
268,DRB1*03:01-DQA1*05:01-DQB1*02:01,DRB1*03:01-DQA1*05:01-DQB1*02:01,13.14,"1,899"
269,DRB1*03:01-DQA1*05:01-DQB1*02:01,DRB1*03:01-DQA1*05:01-DQB1*02:01,13.1,42
270,DRB1*03:01-DQA1*05:01-DQB1*02:01,DRB1*03:01-DQA1*05:01-DQB1*02:01,12.7,177
271,DRB1*03:01-DQA1*05:01-DQB1*02:01,DRB1*03:01:01-DQA1*05:01-DQB1*02:01,12.3,98
272,DRB1*03:01-DQA1*05:01-DQB1*02:01,DRB1*03:01-DQA1*05:01-DQB1*02:01,11.4,177
273,DRB1*03:01-DQA1*05:01-DQB1*02:01,DRB1*03:01-DQA1*05:01-DQB1*02:01,11.4,101
274,DRB1*03:01-DQA1*05:01-DQB1*02:01,DRB1*03:01-DQA1*05:01-DQB1*02:01,11.3,106
275,DRB1*03:01-DQA1*05:01-DQB1*02:01,DRB1*03:01-DQA1*05:01-DQB1*02:01,11.0,73
276,DRB1*03:01-DQA1*05:01-DQB1*02:01,DRB1*03:01-DQA1*05:01-DQB1*02:01,10.0,100
277,DRB1*03:01-DQA1*05:01-DQB1*02:01,DRB1*03:01-DQA1*05:01-DQB1*02:01,9.4,250
278,DRB1*03:01-DQA1*05:01-DQB1*02:01,DRB1*03:01-DQA1*05:01-DQB1*02:01,9.0,200
279,DRB1*03:01-DQA1*05:01-DQB1*02:01,DRB1*03:01-DQA1*05:01-DQB1*02:01,7.6,59
280,DRB1*03:01-DQA1*05:01-DQB1*02:01,DRB1*03:01-DQA1*05:01/05:03/05:05-DQB1*02:01/02:02,7.4,68
281,DRB1*03:01-DQA1*05:01-DQB1*02:01,DRB1*03:01-DQA1*05:01/05:03/05:05-DQB1*02:01/02:02,6.8,44
282,DRB1*03:01-DQA1*05:01-DQB1*02:01,DRB1*03:01-DQA1*05:01-DQB1*02:01,6.7,90
283,DRB1*03:01-DQA1*05:01-DQB1*02:01,DRB1*03:01-DQA1*05:01-DQB1*02:01,6.5,100
284,DRB1*03:01-DQA1*05:01-DQB1*02:01,DRB1*03:01-DQA1*05:01-DQB1*02:01,6.47,85
285,DRB1*03:01-DQA1*05:01-DQB1*02:01,DRB1*03:01-DQA1*05:01-DQB1*02:01,6.4,85
286,DRB1*03:01-DQA1*05:01-DQB1*02:01,DRB1*03:01:01-DQA1*05:01-DQB1*02:01,6.3,92
287,DRB1*03:01-DQA1*05:01-DQB1*02:01,DRB1*03:01-DQA1*05:01-DQB1*02:01,6.3,246
288,DRB1*03:01-DQA1*05:01-DQB1*02:01,DRB1*03:01-DQA1*05:01-DQB1*02:01,6.1,41
289,DRB1*03:01-DQA1*05:01-DQB1*02:01,DRB1*03:01-DQA1*05:01-DQB1*02:01/06:01,6.0,100
290,DRB1*03:01-DQA1*05:01-DQB1*02:01,DRB1*03:01-DRB3*01:01-DQA1*05:01-DQB1*02:01-DPB1*04:01,5.7,220
291,DRB1*03:01-DQA1*05:01-DQB1*02:01,DRB1*03:01-DRB3*01:01-DQA1*05:01-DQB1*02:01-DPB1*04:01,5.7,220
292,DRB1*03:01-DQA1*05:01-DQB1*02:01,DRB1*03:01-DQA1*05:01-DQB1*02:01,5.4,65
293,DRB1*03:01-DQA1*05:01-DQB1*02:01,DRB1*03:01-DQA1*05:01-DQB1*02:01,4.9,190
294,DRB1*03:01-DQA1*05:01-DQB1*02:01,DRB1*03:01-DQA1*05:01-DQB1*02:01,4.8,202
295,DRB1*03:01-DQA1*05:01-DQB1*02:01,DRB1*03:01-DQA1*05:01-DQB1*02:01,4.5,155
296,DRB1*03:01-DQA1*05:01-DQB1*02:01,DRB1*03:01-DQA1*05:01-DQB1*02:01-DPB1*04:01,4.5,264
297,DRB1*03:01-DQA1*05:01-DQB1*02:01,DRB1*03:01-DQA1*05:01-DQB1*02:01,4.1,160
298,DRB1*03:01-DQA1*05:01-DQB1*02:01,DRB1*03:01-DQA1*05:01/05:03/05:05-DQB1*02:01/02:02,4.0,25
299,DRB1*03:01-DQA1*05:01-DQB1*02:01,DRB1*03:01-DRB3*01:01-DQA1*05:01-DQB1*02:01-DPB1*01:01,3.9,220
300,DRB1*03:01-DQA1*05:01-DQB1*02:01,DRB1*03:01-DRB3*01:01-DQA1*05:01-DQB1*02:01-DPB1*01:01,3.9,220
301,DRB1*03:01-DQA1*05:01-DQB1*02:01,A*68:01-B*08:01-C*07:02-DRB1*03:01-DQA1*05:01-DQB1*02:01,3.85,52
302,DRB1*03:01-DQA1*05:01-DQB1*02:01,DRB1*03:01-DQA1*05:01-DQB1*02:01,3.8,40
303,DRB1*03:01-DQA1*05:01-DQB1*02:01,DRB1*03:01-DQA1*05:01-DQB1*02:01,3.8,196
304,DRB1*03:01-DQA1*05:01-DQB1*02:01,DRB1*03:01-DQA1*05:01-DQB1*02:01-DPA1*01:03-DPB1*04:01,3.6055,833
305,DRB1*03:01-DQA1*05:01-DQB1*02:01,A*30-B*18-DRB1*03:01-DRB3*02:02-DQA1*05:01-DQB1*02:01,3.5,173
306,DRB1*03:01-DQA1*05:01-DQB1*02:01,A*02:01-B*18:01-C*05:01-DRB1*03:01-DQA1*05:01-DQB1*02:01,3.3333,150
307,DRB1*03:01-DQA1*05:01-DQB1*02:01,DRB1*03:01-DQA1*05:01-DQB1*02:01,3.3,198
308,DRB1*03:01-DQA1*05:01-DQB1*02:01,DRB1*03:01-DQA1*05:01-DQB1*02:01,3.3,190
309,DRB1*03:01-DQA1*05:01-DQB1*02:01,DRB1*03:01-DQA1*05:01-DQB1*02:01,3.3,188
310,DRB1*03:01-DQA1*05:01-DQB1*02:01,DRB1*03:01-DQA1*05:01-DQB1*02:01,3.2,62
311,DRB1*03:01-DQA1*05:01-DQB1*02:01,DRB1*03:01-DQA1*05:01:01-DQB1*02:01,3.0,467
312,DRB1*03:01-DQA1*05:01-DQB1*02:01,A*01-B*08-DRB1*03:01-DQA1*05:01-DQB1*02:01,2.8848,641
313,DRB1*03:01-DQA1*05:01-DQB1*02:01,A*32:01-B*08:01-C*07:02-DRB1*03:01-DQA1*05:01-DQB1*02:01,2.88,52
314,DRB1*03:01-DQA1*05:01-DQB1*02:01,A*01:01-B*08:01-C*07:01-DRB1*03:01-DQA1*05:01-DQB1*02:01,2.419,124
315,DRB1*03:01-DQA1*05:01-DQB1*02:01,A*01:01-B*08:01-C*07:01-DRB1*03:01-DQA1*05:01-DQB1*02:01-DPB1*04:01,2.344,496
316,DRB1*03:01-DQA1*05:01-DQB1*02:01,A*01-B*08-DRB1*03:01-DRB3*01:01-DQA1*05:01-DQB1*02:01,2.3,173
317,DRB1*03:01-DQA1*05:01-DQB1*02:01,DRB1*03:01-DQA1*05:01/05:03/05:05-DQB1*02:01/02:02,2.3,22
318,DRB1*03:01-DQA1*05:01-DQB1*02:01,DRB1*03:01-DQA1*05:01-DQB1*02:01,2.2,324
319,DRB1*03:01-DQA1*05:01-DQB1*02:01,A*01:01:01-B*50:01-C*06:02-DRB1*03:01-DQA1*05:01-DQB1*02:01,2.1,98
320,DRB1*03:01-DQA1*05:01-DQB1*02:01,DRB1*03:01-DQA1*05:01/05:03/05:05-DQB1*02:01/02:02,2.0,25
321,DRB1*03:01-DQA1*05:01-DQB1*02:01,A*02:01-B*51:01-C*16:02-DRB1*03:01-DQA1*05:01-DQB1*02:01,1.92,52
322,DRB1*03:01-DQA1*05:01-DQB1*02:01,A*68:02-B*15:10-C*03:04-DRB1*03:01-DQA1*05:01-DQB1*02:01-DPB1*01:01,1.9,159
323,DRB1*03:01-DQA1*05:01-DQB1*02:01,DRB1*03:01-DQA1*05:01-DQB1*02:01-DPB1*04:01,1.7,149
324,DRB1*03:01-DQA1*05:01-DQB1*02:01,A*03:01-B*47:01-C*06:02-DRB1*03:01-DQA1*05:01-DQB1*02:01-DPB1*15:01,1.6,159
325,DRB1*03:01-DQA1*05:01-DQB1*02:01,A*24-B*40-DRB1*03:01-DQA1*05:01-DQB1*02:01,1.5,190
326,DRB1*03:01-DQA1*05:01-DQB1*02:01,DRB1*03:01-DQA1*05:01-DQB1*02:01-DPB1*04:01,1.5,324
327,DRB1*03:01-DQA1*05:01-DQB1*02:01,DRB1*03:01-DQA1*05:01/05:03/05:05-DQB1*02:01/02:02,1.4,73
328,DRB1*03:01-DQA1*05:01-DQB1*02:01,A*31:01-B*51:01-C*16:01-DRB1*03:01-DQA1*05:01-DQB1*02:01,1.3333,150
329,DRB1*03:01-DQA1*05:01-DQB1*02:01,A*33:03-B*58:01-C*03:02-DRB1*03:01-DQA1*05:01-DQB1*02:01-DPB1*04:01,1.2605,714
330,DRB1*03:01-DQA1*05:01-DQB1*02:01,DRB1*03:01-DQA1*05:01/05:03/05:05-DQB1*02:01/02:02,1.2,43
331,DRB1*03:01-DQA1*05:01-DQB1*02:01,DRB1*03:01-DQA1*05:01:01-DQB1*02:01-DPB1*04:01,1.2,207
332,DRB1*03:01-DQA1*05:01-DQB1*02:01,A*02-B*18-DRB1*03:01-DQA1*05:01-DQB1*02:01,1.0907,641
333,DRB1*03:01-DQA1*05:01-DQB1*02:01,A*01:01-B*08:01-C*07:01-DRB1*03:01-DQA1*05:01-DQB1*02:01-DPB1*01:01,1.042,496
334,DRB1*03:01-DQA1*05:01-DQB1*02:01,A*01:01-B*08:01-C*07:01-DRB1*03:01-DQA1*05:01-DQB1*02:01-DPB1*01:01,1.0,159
335,DRB1*03:01-DQA1*05:01-DQB1*02:01,A*23:01-B*14:02-C*08:02-DRB1*03:01-DQA1*05:01-DQB1*02:01-DPB1*18:01,1.0,100
336,DRB1*03:01-DQA1*05:01-DQB1*02:01,A*30:02-B*08:01-C*07:01-DRB1*03:01-DQA1*05:01-DQB1*02:01-DPB1*04:02,1.0,100
337,DRB1*03:01-DQA1*05:01-DQB1*02:01,A*30:02-B*15:10-C*03:04-DRB1*03:01-DQA1*05:01-DQB1*02:01-DPB1*01:01,1.0,100
338,DRB1*03:01-DQA1*05:01-DQB1*02:01,A*68:02-B*15:10-C*03:04-DRB1*03:01-DQA1*05:01-DQB1*02:01-DPB1*01:01,1.0,100
339,DRB1*03:01-DQA1*05:01-DQB1*02:01,DRB1*03:01-DRB3*01:01-DQA1*05:01-DQB1*02:01-DPB1*02:01,1.0,220
340,DRB1*03:01-DQA1*05:01-DQB1*02:01,DRB1*03:01-DRB3*01:01-DQA1*05:01-DQB1*02:01-DPB1*02:01,1.0,220
341,DRB1*03:01-DQA1*05:01-DQB1*02:01,DRB1*03:01-DRB3*01:01-DQA1*05:01-DQB1*02:01-DPB1*04:02,1.0,220
342,DRB1*03:01-DQA1*05:01-DQB1*02:01,DRB1*03:01-DRB3*01:01-DQA1*05:01-DQB1*02:01-DPB1*04:02,1.0,220
503,DRB1*03:01-DQA1*01:01-DQB1*05:01,DRB1*03:01:01-DQA1*01:01-DQB1*05:01,2.5,100
509,DRB1*04:01-DQA1*05:01-DQB1*03:01,DRB1*04:01-DQA1*05:01-DQB1*03:01,1.7,59
512,DRB1*04:01-DQA1*03:01-DQB1*03:02,DRB1*04:01-DQA1*03:01/03:02-DQB1*03:02,8.2,177
513,DRB1*04:01-DQA1*03:01-DQB1*03:02,DRB1*04:01-DQA1*03:01-DQB1*03:02,4.22,"1,899"
514,DRB1*04:01-DQA1*03:01-DQB1*03:02,DRB1*04:01-DQA1*03:01-DQB1*03:02,4.2,140
515,DRB1*04:01-DQA1*03:01-DQB1*03:02,DRB1*04:01-DQA1*03:01-DQB1*03:02,4.0,200
516,DRB1*04:01-DQA1*03:01-DQB1*03:02,DRB1*04:01-DQA1*03:01-DQB1*03:02,3.9,220
517,DRB1*04:01-DQA1*03:01-DQB1*03:02,DRB1*04:01-DQA1*03:01/03:02/03:03-DQB1*03:02,2.9,17
518,DRB1*04:01-DQA1*03:01-DQB1*03:02,DRB1*04:01-DQA1*03:01/03:02-DQB1*03:02,2.4,83
519,DRB1*04:01-DQA1*03:01-DQB1*03:02,A*02-B*15-DRB1*04:01-DRB4*01:03-DQA1*03:01-DQB1*03:02,1.5,173
520,DRB1*04:01-DQA1*03:01-DQB1*03:02,DRB1*04:01-DRB4*01:01-DQA1*03:01-DQB1*03:02-DPB1*04:01,1.3,220
521,DRB1*04:01-DQA1*03:01-DQB1*03:02,DRB1*04:01-DRB4*01:01-DQA1*03:01-DQB1*03:02-DPB1*04:01,1.3,220
522,DRB1*04:01-DQA1*03:01-DQB1*03:02,DRB1*04:01-DQA1*03:01-DQB1*03:02,1.18,85
523,DRB1*04:01-DQA1*03:01-DQB1*03:02,A*23:01-B*07:02-C*02:10-DRB1*04:01-DQA1*03:01-DQB1*03:02-DPB1*01:01,1.0,159
573,DRB1*04:05-DQA1*05:01-DQB1*03:01,DRB1*04:05-DQA1*05:01-DQB1*03:01,6.0,91
574,DRB1*04:05-DQA1*05:01-DQB1*03:01,DRB1*04:05-DQA1*05:01-DQB1*03:01,4.3,93
575,DRB1*04:05-DQA1*05:01-DQB1*03:01,DRB1*04:05-DQA1*05:01-DQB1*03:01,4.0,87
576,DRB1*04:05-DQA1*05:01-DQB1*03:01,DRB1*04:05-DQA1*05:01-DQB1*03:01,3.3,91
577,DRB1*04:05-DQA1*05:01-DQB1*03:01,DRB1*04:05-DQA1*05:01-DQB1*03:01,2.9,87
578,DRB1*04:05-DQA1*05:01-DQB1*03:01,DRB1*04:05-DQA1*05:01-DQB1*03:01,1.7,91
579,DRB1*04:05-DQA1*03:01-DQB1*03:02,DRB1*04:05-DQA1*03:01-DQB1*03:02,4.9,91
580,DRB1*04:05-DQA1*03:01-DQB1*03:02,DRB1*04:05-DQA1*03:01-DQB1*03:02,4.6,87
581,DRB1*04:05-DQA1*03:01-DQB1*03:02,DRB1*04:05-DQA1*03:01-DQB1*03:02,3.8,98
582,DRB1*04:05-DQA1*03:01-DQB1*03:02,DRB1*04:05-DQA1*03:01-DQB1*03:02,3.8,91
583,DRB1*04:05-DQA1*03:01-DQB1*03:02,DRB1*04:05-DQA1*03:01-DQB1*03:02,3.3,91
584,DRB1*04:05-DQA1*03:01-DQB1*03:02,DRB1*04:05-DQA1*03:01-DQB1*03:02,3.3,91
585,DRB1*04:05-DQA1*03:01-DQB1*03:02,DRB1*04:05-DQA1*03:01-DQB1*03:02,2.8,160
586,DRB1*04:05-DQA1*03:01-DQB1*03:02,DRB1*04:05-DQA1*03:01-DQB1*03:02,2.7,93
587,DRB1*04:05-DQA1*03:01-DQB1*03:02,DRB1*04:05-DQA1*03:01/03:02-DQB1*03:02,2.4,83
588,DRB1*04:05-DQA1*03:01-DQB1*03:02,DRB1*04:05-DQA1*03:01-DQB1*03:02,2.1,916
589,DRB1*04:05-DQA1*03:01-DQB1*03:02,DRB1*04:05/04:10/04:11-DQA1*03:01/03:02-DQB1*03:02,2.0,177
590,DRB1*04:05-DQA1*03:01-DQB1*03:02,DRB1*04:05-DQA1*03:01/03:02-DQB1*03:02,2.0,98
591,DRB1*04:05-DQA1*03:01-DQB1*03:02,DRB1*04:05-DQA1*03:01-DQB1*03:02,1.9,40
592,DRB1*04:05-DQA1*03:01-DQB1*03:02,DRB1*04:05-DQA1*03:01-DQB1*03:02,1.5,101
661,DRB1*08:02-DQA1*03:01-DQB1*03:02,DRB1*08:02-DQA1*03:01-DQB1*03:02,3.6,42
662,DRB1*08:02-DQA1*03:01-DQB1*03:02,DRB1*08:02-DQA1*03:01-DQB1*03:02,2.5,916
698,DRB1*08:02-DQA1*04:01-DQB1*04:02,DRB1*08:02-DQA1*04:01-DQB1*04:02,23.0,74
699,DRB1*08:02-DQA1*04:01-DQB1*04:02,DRB1*08:02-DQA1*04:01-DQB1*04:02,18.9,135
700,DRB1*08:02-DQA1*04:01-DQB1*04:02,DRB1*08:02-DQA1*04:01-DQB1*04:02,14.9,101
701,DRB1*08:02-DQA1*04:01-DQB1*04:02,DRB1*08:02-DQA1*04:01-DQB1*04:02,13.8,160
702,DRB1*08:02-DQA1*04:01-DQB1*04:02,DRB1*08:02-DQA1*04:01-DQB1*04:02,10.5,19
703,DRB1*08:02-DQA1*04:01-DQB1*04:02,DRB1*08:02-DQA1*04:01-DQB1*04:02,6.0,25
704,DRB1*08:02-DQA1*04:01-DQB1*04:02,DRB1*08:02-DQA1*04:01-DQB1*04:02,4.8,62
705,DRB1*08:02-DQA1*04:01-DQB1*04:02,DRB1*08:02-DQA1*04:01-DQB1*04:02,4.4,80
706,DRB1*08:02-DQA1*04:01-DQB1*04:02,DRB1*08:02-DQA1*04:01-DQB1*04:02,4.3,35
707,DRB1*08:02-DQA1*04:01-DQB1*04:02,DRB1*08:02-DQA1*04:01-DQB1*04:02,3.8,40
708,DRB1*08:02-DQA1*04:01-DQB1*04:02,DRB1*08:02-DQA1*04:01-DQB1*04:02,2.6,59
709,DRB1*08:02-DQA1*04:01-DQB1*04:02,DRB1*08:02-DQA1*04:01-DQB1*04:02,2.4,25
710,DRB1*08:02-DQA1*04:01-DQB1*04:02,DRB1*08:02-DQA1*04:01-DQB1*04:02,2.3,43
711,DRB1*08:02-DQA1*04:01-DQB1*04:02,DRB1*08:02-DQA1*04:01-DQB1*04:02,2.3,916
712,DRB1*08:02-DQA1*04:01-DQB1*04:02,DRB1*08:02-DQA1*04:01:01-DQB1*04:02,1.2,467
713,DRB1*08:02-DQA1*04:01-DQB1*04:02,DRB1*08:02-DQA1*04:01-DQB1*04:02,1.1,44
714,DRB1*08:02-DQA1*04:01-DQB1*04:02,DRB1*08:02-DQA1*04:01-DQB1*04:02,1.0,49
818,DRB1*09:01-DQA1*03:01-DQB1*03:02,DRB1*09:01:02-DQA1*03:01-DQB1*03:02,2.1,916
832,DRB1*11:01-DQA1*05:01-DQB1*03:01,DRB1*11:01-DQA1*05:01/05:03/05:05-DQB1*03:01/03:09,18.8,24
833,DRB1*11:01-DQA1*05:01-DQB1*03:01,DRB1*11:01:01-DQA1*05:01-DQB1*03:01,13.6,140
834,DRB1*11:01-DQA1*05:01-DQB1*03:01,DRB1*11:01-DQA1*05:01-DQB1*03:01,9.8,250
835,DRB1*11:01-DQA1*05:01-DQB1*03:01,DRB1*11:01-DQA1*05:01/05:03/05:05-DQB1*03:01/03:09,9.3,43
836,DRB1*11:01-DQA1*05:01-DQB1*03:01,DRB1*11:01-DQA1*05:01/05:03/05:05-DQB1*03:01/03:09,9.1,22
837,DRB1*11:01-DQA1*05:01-DQB1*03:01,DRB1*11:01-DQA1*05:01/05:03/05:05-DQB1*03:01/03:09,8.8,17
838,DRB1*11:01-DQA1*05:01-DQB1*03:01,DRB1*11:01-DQA1*05:01-DQB1*03:01,8.6,93
839,DRB1*11:01-DQA1*05:01-DQB1*03:01,DRB1*11:01-DQA1*05:01-DQB1*03:01,8.3,91
840,DRB1*11:01-DQA1*05:01-DQB1*03:01,DRB1*11:01-DQA1*05:01-DQB1*03:01,7.7,246
841,DRB1*11:01-DQA1*05:01-DQB1*03:01,DRB1*11:01-DQA1*05:01-DQB1*03:01,6.9,87
842,DRB1*11:01-DQA1*05:01-DQB1*03:01,DRB1*11:01-DQA1*05:01-DQB1*03:01,6.6,91
843,DRB1*11:01-DQA1*05:01-DQB1*03:01,DRB1*11:01-DQA1*05:01-DQB1*03:01,6.6,202
844,DRB1*11:01-DQA1*05:01-DQB1*03:01,DRB1*11:01-DQA1*05:01-DQB1*03:01,6.6,91
845,DRB1*11:01-DQA1*05:01-DQB1*03:01,DRB1*11:01-DQA1*05:01-DQB1*03:01,6.5,100
846,DRB1*11:01-DQA1*05:01-DQB1*03:01,DRB1*11:01-DQA1*05:01-DQB1*03:01,6.0,100
847,DRB1*11:01-DQA1*05:01-DQB1*03:01,DRB1*11:01-DQA1*05:01/05:03/05:05-DQB1*03:01/03:09,5.7,44
848,DRB1*11:01-DQA1*05:01-DQB1*03:01,DRB1*11:01-DQA1*05:01-DQB1*03:01,5.58,"1,899"
849,DRB1*11:01-DQA1*05:01-DQB1*03:01,DRB1*11:01-DQA1*05:01-DQB1*03:01,5.5,73
850,DRB1*11:01-DQA1*05:01-DQB1*03:01,DRB1*11:01-DQA1*05:01-DQB1*03:01,5.5,200
851,DRB1*11:01-DQA1*05:01-DQB1*03:01,DRB1*11:01-DQA1*05:01-DQB1*03:01,5.3,220
852,DRB1*11:01-DQA1*05:01-DQB1*03:01,DRB1*11:01-DQA1*05:01-DQB1*03:01,5.0,100
853,DRB1*11:01-DQA1*05:01-DQB1*03:01,DRB1*11:01-DQA1*05:01-DQB1*03:01,4.9,91
854,DRB1*11:01-DQA1*05:01-DQB1*03:01,DRB1*11:01-DQA1*05:01-DQB1*03:01,4.8,42
855,DRB1*11:01-DQA1*05:01-DQB1*03:01,DRB1*11:01-DQA1*05:01-DQB1*03:01,4.7,106
856,DRB1*11:01-DQA1*05:01-DQB1*03:01,DRB1*11:01-DQA1*05:01-DQB1*03:01,4.6,87
857,DRB1*11:01-DQA1*05:01-DQB1*03:01,DRB1*11:01/11:04-DQA1*05:01-DQB1*03:01,4.0,177
858,DRB1*11:01-DQA1*05:01-DQB1*03:01,DRB1*11:01-DQA1*05:01-DQB1*03:01,4.0,188
859,DRB1*11:01-DQA1*05:01-DQB1*03:01,DRB1*11:01-DQA1*05:01-DQB1*03:01,3.7,198
860,DRB1*11:01-DQA1*05:01-DQB1*03:01,DRB1*11:01-DQA1*05:01-DQB1*03:01,3.6,190
861,DRB1*11:01-DQA1*05:01-DQB1*03:01,DRB1*11:01-DQA1*05:01-DQB1*03:01,3.3,196
862,DRB1*11:01-DQA1*05:01-DQB1*03:01,DRB1*11:01-DQA1*05:01-DQB1*03:01,3.2,63
863,DRB1*11:01-DQA1*05:01-DQB1*03:01,DRB1*11:01-DQA1*05:01-DQB1*03:01,3.2,155
864,DRB1*11:01-DQA1*05:01-DQB1*03:01,DRB1*11:01-DQA1*05:01-DQB1*03:01,3.1,160
865,DRB1*11:01-DQA1*05:01-DQB1*03:01,DRB1*11:01-DQA1*05:01-DQB1*03:01,3.1,65
866,DRB1*11:01-DQA1*05:01-DQB1*03:01,DRB1*11:01-DQA1*05:01-DQB1*03:01-DPB1*05:01,3.0,264
867,DRB1*11:01-DQA1*05:01-DQB1*03:01,DRB1*11:01:01-DQA1*05:01-DQB1*03:01,2.9,35
868,DRB1*11:01-DQA1*05:01-DQB1*03:01,DRB1*11:01-DQA1*05:01/05:03/05:05-DQB1*03:01/03:09,2.9,35
869,DRB1*11:01-DQA1*05:01-DQB1*03:01,DRB1*11:01-DQA1*05:01-DQB1*03:01,2.8,190
870,DRB1*11:01-DQA1*05:01-DQB1*03:01,DRB1*11:01-DQA1*05:01/05:03/05:05-DQB1*03:01/03:09,2.7,73
871,DRB1*11:01-DQA1*05:01-DQB1*03:01,DRB1*11:01-DQA1*05:01-DQB1*03:01,2.6,916
872,DRB1*11:01-DQA1*05:01-DQB1*03:01,DRB1*11:01-DQA1*05:01-DQB1*03:01,2.6,58
873,DRB1*11:01-DQA1*05:01-DQB1*03:01,DRB1*11:01-DQA1*05:01-DQB1*03:01,2.6,98
874,DRB1*11:01-DQA1*05:01-DQB1*03:01,DRB1*11:01-DQA1*05:01-DQB1*03:01,2.5,40
875,DRB1*11:01-DQA1*05:01-DQB1*03:01,DRB1*11:01-DQA1*05:01-DQB1*03:01,2.5,101
876,DRB1*11:01-DQA1*05:01-DQB1*03:01,DRB1*11:01-DRB3*02:02-DQA1*05:01-DQB1*03:01-DPB1*04:01,2.5,220
877,DRB1*11:01-DQA1*05:01-DQB1*03:01,DRB1*11:01-DRB3*02:02-DQA1*05:01-DQB1*03:01-DPB1*04:01,2.5,220
878,DRB1*11:01-DQA1*05:01-DQB1*03:01,DRB1*11:01-DQA1*05:01-DQB1*03:01,2.4,167
879,DRB1*11:01-DQA1*05:01-DQB1*03:01,DRB1*11:01:01-DQA1*05:01-DQB1*03:01,2.3,22
880,DRB1*11:01-DQA1*05:01-DQB1*03:01,DRB1*11:01-DQA1*05:01-DQB1*03:01,1.8,83
881,DRB1*11:01-DQA1*05:01-DQB1*03:01,DRB1*11:01-DQA1*05:01-DQB1*03:01,1.76,85
882,DRB1*11:01-DQA1*05:01-DQB1*03:01,DRB1*11:01-DQA1*05:01-DQB1*03:01-DPB1*02:01,1.6,264
883,DRB1*11:01-DQA1*05:01-DQB1*03:01,A*74:01-B*15:03-C*02:10-DRB1*11:01-DQA1*05:01-DQB1*03:01-DPB1*13:01,1.5,100
884,DRB1*11:01-DQA1*05:01-DQB1*03:01,DRB1*11:01-DQA1*05:01/05:03/05:05-DQB1*03:01/03:09,1.5,68
885,DRB1*11:01-DQA1*05:01-DQB1*03:01,A*23-B*35-DRB1*11:01-DQA1*05:01-DQB1*03:01,1.1,135
886,DRB1*11:01-DQA1*05:01-DQB1*03:01,DRB1*11:01-DRB3*02:02-DQA1*05:01-DQB1*03:01-DPB1*04:02,1.1,220
887,DRB1*11:01-DQA1*05:01-DQB1*03:01,DRB1*11:01-DRB3*02:02-DQA1*05:01-DQB1*03:01-DPB1*04:02,1.1,220
959,DRB1*11:01-DQA1*04:01-DQB1*04:02,DRB1*11:01:01-DQA1*04:01-DQB1*04:02,1.4,35
964,DRB1*11:01-DQA1*01:02-DQB1*06:02,DRB1*11:01-DQA1*01:02-DQB1*06:02,10.4,167
965,DRB1*11:01-DQA1*01:02-DQB1*06:02,DRB1*11:01-DQA1*01:02-DQB1*06:02,7.3,90
966,DRB1*11:01-DQA1*01:02-DQB1*06:02,DRB1*11:01-DQA1*01:02-DQB1*06:02,5.0,100
967,DRB1*11:01-DQA1*01:02-DQB1*06:02,DRB1*11:01-DQA1*01:02-DQB1*06:02,2.8,92
968,DRB1*11:01-DQA1*01:02-DQB1*06:02,A*36:01-B*53:01-C*04:01-DRB1*11:01-DQA1*01:02-DQB1*06:02-DPB1*02:01,1.0,100
990,DRB1*12:01-DQA1*05:01-DQB1*03:01,DRB1*12:01/12:06-DQA1*05:01/05:03/05:05-DQB1*03:01/03:09,17.7,17
991,DRB1*12:01-DQA1*05:01-DQB1*03:01,DRB1*12:01/12:06-DQA1*05:01/05:03/05:05-DQB1*03:01/03:09,17.4,43
992,DRB1*12:01-DQA1*05:01-DQB1*03:01,DRB1*12:01/12:06-DQA1*05:01/05:03/05:05-DQB1*03:01/03:09,13.7,22
993,DRB1*12:01-DQA1*05:01-DQB1*03:01,DRB1*12:01/12:06-DQA1*05:01/05:03/05:05-DQB1*03:01/03:09,13.0,73
994,DRB1*12:01-DQA1*05:01-DQB1*03:01,DRB1*12:01/12:06-DQA1*05:01/05:03/05:05-DQB1*03:01/03:09,12.5,24
995,DRB1*12:01-DQA1*05:01-DQB1*03:01,DRB1*12:01/12:06-DQA1*05:01/05:03/05:05-DQB1*03:01/03:09,10.2,44
996,DRB1*12:01-DQA1*05:01-DQB1*03:01,DRB1*12:01-DQA1*05:01-DQB1*03:01,8.9,62
997,DRB1*12:01-DQA1*05:01-DQB1*03:01,DRB1*12:01/12:06-DQA1*05:01/05:03/05:05-DQB1*03:01/03:09,8.8,68
998,DRB1*12:01-DQA1*05:01-DQB1*03:01,DRB1*12:01/12:06-DQA1*05:01/05:03/05:05-DQB1*03:01/03:09,8.0,25
999,DRB1*12:01-DQA1*05:01-DQB1*03:01,DRB1*12:01/12:06-DQA1*05:01/05:03/05:05-DQB1*03:01/03:09,7.1,35
1000,DRB1*12:01-DQA1*05:01-DQB1*03:01,DRB1*12:01-DQA1*05:01-DQB1*03:01,5.1,59
1001,DRB1*12:01-DQA1*05:01-DQB1*03:01,DRB1*12:01-DQA1*05:01-DQB1*03:01,4.8,42
1002,DRB1*12:01-DQA1*05:01-DQB1*03:01,DRB1*12:01/12:06-DQA1*05:01/05:03/05:05-DQB1*03:01/03:09,4.0,25
1003,DRB1*12:01-DQA1*05:01-DQB1*03:01,A*24-B*40-DRB1*12:01-DQA1*05:01-DQB1*03:01,3.8,190
1004,DRB1*12:01-DQA1*05:01-DQB1*03:01,DRB1*12:01-DQA1*05:01-DQB1*03:01,3.8,80
1005,DRB1*12:01-DQA1*05:01-DQB1*03:01,DRB1*12:01-DQA1*05:01-DQB1*03:01,3.8,91
1006,DRB1*12:01-DQA1*05:01-DQB1*03:01,DRB1*12:01-DQA1*05:01-DQB1*03:01,3.4,58
1007,DRB1*12:01-DQA1*05:01-DQB1*03:01,DRB1*12:01-DQA1*05:01-DQB1*03:01,2.8,91
1008,DRB1*12:01-DQA1*05:01-DQB1*03:01,DRB1*12:01-DQA1*05:01-DQB1*03:01,2.7,91
1009,DRB1*12:01-DQA1*05:01-DQB1*03:01,DRB1*12:01-DQA1*05:01-DQB1*03:01,2.6,916
1010,DRB1*12:01-DQA1*05:01-DQB1*03:01,DRB1*12:01-DQA1*05:01-DQB1*03:01,2.6,59
1011,DRB1*12:01-DQA1*05:01-DQB1*03:01,DRB1*12:01-DQA1*05:01-DQB1*03:01,2.5,200
1012,DRB1*12:01-DQA1*05:01-DQB1*03:01,DRB1*12:01-DQA1*05:01-DQB1*03:01,2.4,63
1013,DRB1*12:01-DQA1*05:01-DQB1*03:01,DRB1*12:01-DQA1*05:01-DQB1*03:01,2.3,22
1014,DRB1*12:01-DQA1*05:01-DQB1*03:01,DRB1*12:01-DQA1*05:01-DQB1*03:01,2.2,93
1015,DRB1*12:01-DQA1*05:01-DQB1*03:01,DRB1*12:01-DQA1*05:01-DQB1*03:01,2.1,98
1016,DRB1*12:01-DQA1*05:01-DQB1*03:01,DRB1*12:01-DQA1*05:01-DQB1*03:01-DPB1*05:01,2.1,264
1017,DRB1*12:01-DQA1*05:01-DQB1*03:01,DRB1*12:01-DQA1*05:01-DQB1*03:01,1.76,85
1018,DRB1*12:01-DQA1*05:01-DQB1*03:01,DRB1*12:01-DQA1*05:01-DQB1*03:01,1.6,250
1019,DRB1*12:01-DQA1*05:01-DQB1*03:01,A*02-B*40-DRB1*12:01-DQA1*05:01-DQB1*03:01,1.5,190
1020,DRB1*12:01-DQA1*05:01-DQB1*03:01,DRB1*12:01-DQA1*05:01-DQB1*03:01,1.4,35
1021,DRB1*12:01-DQA1*05:01-DQB1*03:01,DRB1*12:01-DQA1*05:01-DQB1*03:01,1.4,140
1022,DRB1*12:01-DQA1*05:01-DQB1*03:01,DRB1*12:01-DQA1*05:01-DQB1*03:01,1.2,92
1023,DRB1*12:01-DQA1*05:01-DQB1*03:01,DRB1*12:01-DQA1*05:01-DQB1*03:01,1.1,177
1024,DRB1*12:01-DQA1*05:01-DQB1*03:01,DRB1*12:01-DQA1*05:01-DQB1*03:01,1.1,87
1025,DRB1*12:01-DQA1*05:01-DQB1*03:01,DRB1*12:01-DQA1*05:01-DQB1*03:01,1.1,220
1026,DRB1*12:01-DQA1*05:01-DQB1*03:01,DRB1*12:01-DQA1*05:01-DQB1*03:01,1.1,87
1027,DRB1*12:01-DQA1*05:01-DQB1*03:01,DRB1*12:01-DQA1*05:01-DQB1*03:01,1.08,"1,899"
1028,DRB1*12:01-DQA1*05:01-DQB1*03:01,DRB1*12:01-DQA1*05:01-DQB1*03:01,1.0,98
1034,DRB1*12:01-DQA1*03:01-DQB1*03:02,DRB1*12:01-DQA1*03:01-DQB1*03:02,1.5,916
1039,DRB1*12:01-DQA1*01:01-DQB1*05:01,DRB1*12:01-DQA1*01:01-DQB1*05:01,5.0,100
1052,DRB1*13:02-DQA1*01:02-DQB1*06:02,DRB1*13:02-DQA1*01:02-DQB1*06:02,1.0,101
1058,DRB1*15:01-DQA1*01:01-DQB1*05:01,DRB1*15:01-DQA1*01:01-DQB1*05:01,2.3,22
1059,DRB1*15:01-DQA1*01:01-DQB1*05:01,DRB1*15:01-DQA1*01:01/01:04/01:05-DQB1*05:01,1.2,43
1063,DRB1*15:01-DQA1*01:02-DQB1*06:02,DRB1*15:01-DQA1*01:02-DQB1*06:02/06:11,20.5,22
1064,DRB1*15:01-DQA1*01:02-DQB1*06:02,DRB1*15:01-DQA1*01:02-DQB1*06:02/06:11,18.0,25
1065,DRB1*15:01-DQA1*01:02-DQB1*06:02,DRB1*15:01-DQA1*01:02-DQB1*06:02,15.8,220
1066,DRB1*15:01-DQA1*01:02-DQB1*06:02,DRB1*15:01-DQA1*01:02-DQB1*06:02,14.17,"1,899"
1067,DRB1*15:01-DQA1*01:02-DQB1*06:02,DRB1*15:01-DQA1*01:02-DQB1*06:02,14.1,177
1068,DRB1*15:01-DQA1*01:02-DQB1*06:02,DRB1*15:01-DQA1*01:02-DQB1*06:02/06:11,14.0,43
1069,DRB1*15:01-DQA1*01:02-DQB1*06:02,DRB1*15:01-DQA1*01:02-DQB1*06:02,11.4,140
1070,DRB1*15:01-DQA1*01:02-DQB1*06:02,DRB1*15:01-DQA1*01:02-DQB1*06:02,10.0,177
1071,DRB1*15:01-DQA1*01:02-DQB1*06:02,DRB1*15:01-DRB5*01:01-DQA1*01:02-DQB1*06:02-DPB1*04:01,9.3,220
1072,DRB1*15:01-DQA1*01:02-DQB1*06:02,DRB1*15:01-DRB5*01:01-DQA1*01:02-DQB1*06:02-DPB1*04:01,9.3,220
1073,DRB1*15:01-DQA1*01:02-DQB1*06:02,DRB1*15:01-DQA1*01:02-DQB1*06:02,9.0,200
1074,DRB1*15:01-DQA1*01:02-DQB1*06:02,DRB1*15:01:01-DQA1*01:02-DQB1*06:02,8.9,98
1075,DRB1*15:01-DQA1*01:02-DQB1*06:02,DRB1*15:01-DQA1*01:02-DQB1*06:02,8.9,106
1076,DRB1*15:01-DQA1*01:02-DQB1*06:02,DRB1*15:01-DQA1*01:02-DQB1*06:02/06:11,8.8,68
1077,DRB1*15:01-DQA1*01:02-DQB1*06:02,DRB1*15:01-DQA1*01:02-DQB1*06:02/06:11,8.0,25
1078,DRB1*15:01-DQA1*01:02-DQB1*06:02,DRB1*15:01-DQA1*01:02-DQB1*06:02,7.65,85
1079,DRB1*15:01-DQA1*01:02-DQB1*06:02,DRB1*15:01-DQA1*01:02:01-DQB1*06:02,7.2,467
1080,DRB1*15:01-DQA1*01:02-DQB1*06:02,DRB1*15:01-DQA1*01:02-DQB1*06:02,6.8,324
1081,DRB1*15:01-DQA1*01:02-DQB1*06:02,DRB1*15:01-DQA1*01:02-DQB1*06:02/06:11,6.8,44
1082,DRB1*15:01-DQA1*01:02-DQB1*06:02,DRB1*15:01-DQA1*01:02-DQB1*06:02,6.2,250
1083,DRB1*15:01-DQA1*01:02-DQB1*06:02,DRB1*15:01-DQA1*01:02-DQB1*06:02,5.6,916
1084,DRB1*15:01-DQA1*01:02-DQB1*06:02,DRB1*15:01-DQA1*01:02-DQB1*06:02,5.4,98
1085,DRB1*15:01-DQA1*01:02-DQB1*06:02,DRB1*15:01-DQA1*01:02-DQB1*06:02,5.3,160
1086,DRB1*15:01-DQA1*01:02-DQB1*06:02,DRB1*15:01-DQA1*01:02-DQB1*06:02/06:11,4.8,73
1087,DRB1*15:01-DQA1*01:02-DQB1*06:02,DRB1*15:01-DQA1*01:02-DQB1*06:02,4.5,40
1088,DRB1*15:01-DQA1*01:02-DQB1*06:02,DRB1*15:01-DQA1*01:02-DQB1*06:02,4.3,57
1089,DRB1*15:01-DQA1*01:02-DQB1*06:02,DRB1*15:01-DQA1*01:02-DQB1*06:02/06:11,4.3,35
1090,DRB1*15:01-DQA1*01:02-DQB1*06:02,DRB1*15:01-DQA1*01:02-DQB1*06:02,4.2,59
1091,DRB1*15:01-DQA1*01:02-DQB1*06:02,DRB1*15:01-DQA1*01:02-DQB1*06:02,4.0,87
1092,DRB1*15:01-DQA1*01:02-DQB1*06:02,DRB1*15:01-DQA1*01:02-DQB1*06:02-DPB1*05:01,3.4,324
1093,DRB1*15:01-DQA1*01:02-DQB1*06:02,DRB1*15:01-DQA1*01:02-DQB1*06:02,3.3,246
1094,DRB1*15:01-DQA1*01:02-DQB1*06:02,DRB1*15:01-DQA1*01:02-DQB1*06:02,3.0,101
1095,DRB1*15:01-DQA1*01:02-DQB1*06:02,DRB1*15:01-DQA1*01:02-DQB1*06:02,3.0,83
1096,DRB1*15:01-DQA1*01:02-DQB1*06:02,DRB1*15:01:01/15:01:02-DQA1*01:02:01/01:02:02-DQB1*06:02/06:11:01,2.9,17
1097,DRB1*15:01-DQA1*01:02-DQB1*06:02,A*02-B*40-DRB1*15:01-DQA1*01:02-DQB1*06:02,2.7,190
1098,DRB1*15:01-DQA1*01:02-DQB1*06:02,DRB1*15:01-DQA1*01:02-DQB1*06:02-DPB1*02:01,2.7,207
1099,DRB1*15:01-DQA1*01:02-DQB1*06:02,DRB1*15:01-DQA1*01:02-DQB1*06:02,2.4,42
1100,DRB1*15:01-DQA1*01:02-DQB1*06:02,DRB1*15:01-DQA1*01:02-DQB1*06:02-DPB1*02:01,2.4,324
1101,DRB1*15:01-DQA1*01:02-DQB1*06:02,DRB1*15:01-DQA1*01:02-DQB1*06:02,2.3,87
1102,DRB1*15:01-DQA1*01:02-DQB1*06:02,DRB1*15:01-DQA1*01:02-DQB1*06:02-DPB1*05:01,2.3,149
1103,DRB1*15:01-DQA1*01:02-DQB1*06:02,A*29:02-B*44:03:01-C*16:01-DRB1*15:01:01-DQA1*01:02-DQB1*06:02,2.1,98
1104,DRB1*15:01-DQA1*01:02-DQB1*06:02,DRB1*15:01:01/15:01:02-DQA1*01:02:01/01:02:02-DQB1*06:02/06:11:01,2.1,24
1105,DRB1*15:01-DQA1*01:02-DQB1*06:02,DRB1*15:01-DRB5*01:01-DQA1*01:02-DQB1*06:02-DPB1*02:01,2.1,220
1106,DRB1*15:01-DQA1*01:02-DQB1*06:02,DRB1*15:01-DRB5*01:01-DQA1*01:02-DQB1*06:02-DPB1*02:01,2.1,220
1107,DRB1*15:01-DQA1*01:02-DQB1*06:02,A*02-B*07-DRB1*15:01-DQA1*01:02-DQB1*06:02,2.0,190
1108,DRB1*15:01-DQA1*01:02-DQB1*06:02,DRB1*15:01-DQA1*01:02-DQB1*06:02,2.0,100
1109,DRB1*15:01-DQA1*01:02-DQB1*06:02,DRB1*15:01-DQA1*01:02-DQB1*06:02-DPA1*02:02-DPB1*05:01,1.9747,833
1110,DRB1*15:01-DQA1*01:02-DQB1*06:02,A*02:05-B*50:01-C*06:02-DRB1*15:01-DQA1*01:02-DQB1*06:02,1.92,52
1111,DRB1*15:01-DQA1*01:02-DQB1*06:02,A*02-B*07-DRB1*15:01-DRB5*01:01-DQA1*01:02-DQB1*06:02,1.9,173
1112,DRB1*15:01-DQA1*01:02-DQB1*06:02,DRB1*15:01-DRB5*01:01-DQA1*01:02-DQB1*06:02-DPB1*04:02,1.8,220
1113,DRB1*15:01-DQA1*01:02-DQB1*06:02,DRB1*15:01-DRB5*01:01-DQA1*01:02-DQB1*06:02-DPB1*04:02,1.8,220
1114,DRB1*15:01-DQA1*01:02-DQB1*06:02,A*02:01:01-B*07:02:01-C*07:02:01-DRB1*15:01:01-DQA1*01:02:01-DQB1*06:02-DPA1*01:03:01-DPB1*03:01,1.6807,119
1115,DRB1*15:01-DQA1*01:02-DQB1*06:02,DRB1*15:01-DQA1*01:02-DQB1*06:02,1.6,91
1116,DRB1*15:01-DQA1*01:02-DQB1*06:02,DRB1*15:01-DQA1*01:02-DQB1*06:02,1.5,98
1117,DRB1*15:01-DQA1*01:02-DQB1*06:02,DRB1*15:01-DQA1*01:02-DQB1*06:02-DPB1*02:01,1.5,264
1118,DRB1*15:01-DQA1*01:02-DQB1*06:02,A*24-B*35-DRB1*15:01-DQA1*01:02-DQB1*06:02,1.4,190
1119,DRB1*15:01-DQA1*01:02-DQB1*06:02,A*03:01-B*07:02-C*07:02-E*01:03:02-F*01:03:01-G*01:01-DRB1*15:01-DQA1*01:02-DQB1*06:02,1.3158,130
1120,DRB1*15:01-DQA1*01:02-DQB1*06:02,A*03:01-B*07:02-C*07:02-DRB1*15:01-DQA1*01:02-DQB1*06:02-DPB1*04:01,1.302,496
1121,DRB1*15:01-DQA1*01:02-DQB1*06:02,A*02:01:01-B*07:02:01-C*07:02:01-DRB1*15:01:01-DQA1*01:02:01-DQB1*06:02:01-DPA1*01:03:01-DPB1*04:01:01,1.2605,119
1122,DRB1*15:01-DQA1*01:02-DQB1*06:02,A*24:02:01-B*07:02:01-C*07:02:01-DRB1*15:01:01-DQA1*01:02:01-DQB1*06:02:01-DPA1*01:03:01-DPB1*04:01:01,1.2605,119
1123,DRB1*15:01-DQA1*01:02-DQB1*06:02,DRB1*15:01-DQA1*01:02-DQB1*06:02-DPA1*01:03-DPB1*02:01,1.2582,833
1124,DRB1*15:01-DQA1*01:02-DQB1*06:02,A*03-B*07-DRB1*15:01-DQA1*01:02-DQB1*06:02,1.226,641
1125,DRB1*15:01-DQA1*01:02-DQB1*06:02,A*24:02-B*07:02-C*07:02-DRB1*15:01-DQA1*01:02-DQB1*06:02,1.21,124
1126,DRB1*15:01-DQA1*01:02-DQB1*06:02,DRB1*15:01-DQA1*01:02-DQB1*06:02,1.1,91
1127,DRB1*15:01-DQA1*01:02-DQB1*06:02,DRB1*15:01-DQA1*01:02-DQB1*06:02,1.1,91
1128,DRB1*15:01-DQA1*01:02-DQB1*06:02,DRB1*15:01-DQA1*01:02-DQB1*06:02-DPB1*02:01,1.1,149
1129,DRB1*15:01-DQA1*01:02-DQB1*06:02,DRB1*15:01-DRB5*01:01-DQA1*01:02-DQB1*06:02-DPB1*23:01,1.1,220
1130,DRB1*15:01-DQA1*01:02-DQB1*06:02,DRB1*15:01-DRB5*01:01-DQA1*01:02-DQB1*06:02-DPB1*23:01,1.1,220
1131,DRB1*15:01-DQA1*01:02-DQB1*06:02,DRB1*15:01-DQA1*01:02-DQB1*06:02-DPB1*04:01,1.0,207
1132,DRB1*15:01-DQA1*01:02-DQB1*06:02,DRB1*15:01-DQA1*01:02-DQB1*06:02-DPB1*05:01,1.0,264
1133,DRB1*15:01-DQA1*01:02-DQB1*06:02,DRB1*15:01-DQA1*01:02-DQB1*06:02-DPB1*13:01,1.0,207
